gene	cell_type	weight
ISG15	0	2.8701741729600054
CROCCP2	0	0.41203232507115123
PSMB2	0	0.3712523047443149
MRPL37	0	0.2421872720787633
POMGNT1	0	0.17900593408652565
MAD2L2	0	0.16802131298997836
AKR1A1	0	0.12032309894305465
RPS8	0	0.04934635755110175
DDOST	0	0.04130314978370641
