gene	cell_type	weight
Igkc	0	0.7558357309477939
Ly6d	0	0.07100718871404639
Eef1a1	0	0.025889950522874294
