gene	cell_type	weight
KIF14	0	1.0014623240955662
ATG4B	0	0.8706296661956251
USP48	0	0.8319290198065898
ATF4	0	0.8185261048661663
LUZP1	0	0.805003048444336
PIK3C2A	0	0.7171170331828721
ANXA7	0	0.6946400771232051
POLR1C	0	0.670260856609193
ARID3A	0	0.6358809709559771
ZNF208	0	0.6271366100423708
