gene	cell_type	weight
Cd79a	0	0.9557996016420297
Igkc	0	0.00826904467347519
