gene	cell_type	weight
ISG15	0	1.573651464968564
ART4	0	0.41136165954669884
PSMD3	0	0.2614883923452559
LIN52	0	0.25760724567820575
ZMYM1	0	0.19144760070380112
PIK3R3	0	0.18049435154472956
CCDC163	0	0.16727151102405247
IFI6	0	0.14333881080277955
SLC30A7	0	0.13425140277162004
ZNF362	0	0.11646361480924475
