gene	cell_type	weight
HNRNPH1	0	0.5088872339159829
KBTBD7	0	0.4230022255698354
PRKD2	0	0.3951744820248105
KTN1	0	0.386831841131527
RPS27AP11	0	0.3591290832342357
TIMM10	0	0.3561448451760192
PISD	0	0.34611737277196236
TRMT1	0	0.3453157676809883
LDLRAP1	0	0.3417070951005443
ZNF208	0	0.33973951290663024
